<?xml version="1.0" encoding="UTF-8"?>
<project-private xmlns="http://www.netbeans.org/ns/project-private/1">
    <editor-bookmarks xmlns="http://www.netbeans.org/ns/editor-bookmarks/2" lastBookmarkId="0"/>
    <open-files xmlns="http://www.netbeans.org/ns/projectui-open-files/2">
        <group>
            <file>file:/C:/Users/avs23/Documents/NetBeansProjects/WebServiceAssignement1/web/index.html</file>
            <file>file:/C:/Users/avs23/Documents/NetBeansProjects/WebServiceAssignement1/src/java/GoTravelWanderer/AirportInfoService.java</file>
            <file>file:/C:/Users/avs23/Documents/NetBeansProjects/WebServiceAssignement1/src/java/GoTravelWanderer/ZomatoSearchService.java</file>
            <file>file:/C:/Users/avs23/Documents/NetBeansProjects/WebServiceAssignement1/src/java/GoTravelWanderer/query.java</file>
            <file>file:/C:/Users/avs23/Documents/NetBeansProjects/WebServiceAssignement1/src/java/GoTravelWanderer/FlightSearchService.java</file>
            <file>file:/C:/Users/avs23/Documents/NetBeansProjects/WebServiceAssignement1/web/querypage.jsp</file>
            <file>file:/C:/Users/avs23/Documents/NetBeansProjects/WebServiceAssignement1/src/java/GoTravelWanderer/CountriesService.java</file>
        </group>
    </open-files>
</project-private>
